Date,Transaction_ID,Payer_UPI,Amount,Status,Payment_Mode
2026-05-29 16:03:35,PAYTME100389,payer534@okaxis,3192.15,Success,UPI
2026-05-30 08:19:06,PAYTME100344,payer832@okaxis,1399.21,Success,UPI
2026-05-30 13:33:30,PAYTME100340,payer621@okaxis,1044.88,Success,UPI
2026-05-30 16:35:13,PAYTME100156,payer738@okaxis,2580.81,Success,Net Banking
2026-05-30 23:59:34,PAYTME100240,payer692@okaxis,2186.42,Success,UPI
2026-05-31 05:20:17,PAYTME100449,payer950@okaxis,2067.21,Success,UPI
2026-05-31 06:39:27,PAYTME100080,payer576@okaxis,2709.21,Success,UPI
2026-05-31 07:48:52,PAYTME100409,payer458@okaxis,3269.81,Success,UPI
2026-05-31 13:13:58,PAYTME100056,payer541@okaxis,2789.43,Success,UPI
2026-05-31 19:04:25,PAYTME100301,payer891@okaxis,2543.75,Success,UPI
2026-06-01 11:00:02,PAYTME100411,payer815@okaxis,3389.49,Success,UPI
2026-06-01 14:35:42,PAYTME100255,payer573@okaxis,1057.77,Success,UPI
2026-06-01 14:54:50,PAYTME100295,payer480@okaxis,3216.64,Success,UPI
2026-06-02 02:40:56,PAYTME100463,payer379@okaxis,2477.64,Success,UPI
2026-06-03 03:40:25,PAYTME100440,payer580@okaxis,1198.8,Success,UPI
2026-06-03 08:57:06,PAYTME100144,payer460@okaxis,1933.79,Success,UPI
2026-06-03 12:11:17,PAYTME100078,payer167@okaxis,3176.83,Success,UPI
2026-06-03 21:49:13,PAYTME100341,payer453@okaxis,1755.75,Success,UPI
2026-06-04 05:28:00,PAYTME100436,payer230@okaxis,2850.54,Success,UPI
2026-06-04 05:53:37,PAYTME100177,payer417@okaxis,3166.38,Success,UPI
2026-06-04 07:00:00,PAYTME100233,payer579@okaxis,2937.75,Success,UPI
2026-06-04 08:17:18,PAYTME100324,payer544@okaxis,2070.62,Success,UPI
2026-06-04 15:08:55,PAYTME100151,payer865@okaxis,1596.61,Success,UPI
2026-06-04 20:28:57,PAYTME100405,payer805@okaxis,2932.87,Success,UPI
2026-06-04 22:22:40,PAYTME100013,payer630@okaxis,2321.97,Success,UPI
2026-06-05 00:58:41,PAYTME100294,payer719@okaxis,2505.8,Success,UPI
2026-06-05 02:52:34,PAYTME100342,payer165@okaxis,2404.51,Success,UPI
2026-06-05 06:49:23,PAYTME100435,payer513@okaxis,2489.46,Success,UPI
2026-06-05 08:11:16,PAYTME100434,payer131@okaxis,2375.22,Success,UPI
2026-06-05 10:04:04,PAYTME100195,payer705@okaxis,2528.61,Success,UPI
2026-06-05 11:05:06,PAYTME100386,payer357@okaxis,1008.03,Success,UPI
2026-06-05 11:14:54,PAYTME100266,payer957@okaxis,2634.42,Success,UPI
2026-06-05 12:08:37,PAYTME100046,payer249@okaxis,1458.46,Success,UPI
2026-06-05 23:39:03,PAYTME100094,payer706@okaxis,2523.53,Success,UPI
2026-06-06 03:01:28,PAYTME100194,payer107@okaxis,1757.63,Success,UPI
2026-06-06 04:24:50,PAYTME100105,payer432@okaxis,2086.23,Success,Wallet
2026-06-06 04:28:07,PAYTME100322,payer113@okaxis,2717.47,Success,UPI
2026-06-06 05:47:29,PAYTME100185,payer957@okaxis,1951.03,Success,UPI
2026-06-06 11:51:35,PAYTME100491,payer599@okaxis,3240.64,Success,UPI
2026-06-06 17:30:23,PAYTME100064,payer106@okaxis,1326.55,Success,UPI
2026-06-06 20:05:26,PAYTME100205,payer127@okaxis,1953.95,Success,UPI
2026-06-06 22:27:35,PAYTME100043,payer111@okaxis,3246.99,Success,UPI
2026-06-07 00:32:43,PAYTME100298,payer733@okaxis,1229.11,Success,UPI
2026-06-07 03:10:27,PAYTME100220,payer535@okaxis,2035.8,Success,UPI
2026-06-07 03:29:20,PAYTME100053,payer894@okaxis,1486.21,Success,UPI
2026-06-07 03:30:58,PAYTME100262,payer235@okaxis,1948.12,Success,UPI
2026-06-07 04:57:57,PAYTME100250,payer127@okaxis,2746.88,Success,UPI
2026-06-07 06:09:31,PAYTME100313,payer299@okaxis,3095.3,Success,UPI
2026-06-07 07:50:58,PAYTME100323,payer920@okaxis,1694.77,Success,UPI
2026-06-07 14:40:52,PAYTME100446,payer950@okaxis,1504.79,Success,UPI
2026-06-07 15:09:26,PAYTME100284,payer966@okaxis,1351.63,Success,UPI
2026-06-07 17:27:47,PAYTME100288,payer724@okaxis,3098.31,Success,UPI
2026-06-07 18:29:48,PAYTME100047,payer389@okaxis,2424.45,Success,UPI
2026-06-07 23:31:02,PAYTME100358,payer784@okaxis,1740.4,Success,UPI
2026-06-08 00:22:36,PAYTME100263,payer646@okaxis,1869.97,Success,UPI
2026-06-08 02:44:50,PAYTME100162,payer382@okaxis,2010.19,Success,UPI
2026-06-08 05:59:28,PAYTME100163,payer564@okaxis,2761.14,Success,Debit Card
2026-06-08 06:29:50,PAYTME100093,payer267@okaxis,2711.79,Success,UPI
2026-06-08 08:25:53,PAYTME100096,payer893@okaxis,2008.97,Success,Wallet
2026-06-08 09:03:05,PAYTME100267,payer776@okaxis,3380.31,Success,UPI
2026-06-08 13:14:48,PAYTME100169,payer567@okaxis,1962.11,Success,UPI
2026-06-08 15:46:12,PAYTME100388,payer518@okaxis,1116.38,Success,UPI
2026-06-08 17:59:30,PAYTME100402,payer514@okaxis,2773.74,Success,UPI
2026-06-08 20:49:21,PAYTME100061,payer732@okaxis,2921.0,Success,Net Banking
2026-06-08 22:10:37,PAYTME100024,payer776@okaxis,2746.09,Success,UPI
2026-06-08 23:03:59,PAYTME100332,payer408@okaxis,1840.28,Success,Net Banking
2026-06-08 23:46:38,PAYTME100381,payer684@okaxis,3432.08,Success,UPI
2026-06-09 09:56:52,PAYTME100408,payer561@okaxis,1598.22,Success,UPI
2026-06-09 13:20:52,PAYTME100351,payer753@okaxis,1235.49,Success,Wallet
2026-06-09 15:48:21,PAYTME100028,payer166@okaxis,3118.93,Success,UPI
2026-06-09 19:11:00,PAYTME100346,payer478@okaxis,2125.04,Success,UPI
2026-06-09 19:46:37,PAYTME100320,payer978@okaxis,2261.99,Success,UPI
2026-06-09 20:29:14,PAYTME100258,payer652@okaxis,1279.76,Success,UPI
2026-06-09 22:49:28,PAYTME100108,payer850@okaxis,3355.24,Success,Wallet
2026-06-09 23:51:46,PAYTME100155,payer853@okaxis,2604.09,Success,UPI
2026-06-09 23:55:07,PAYTME100107,payer597@okaxis,3486.28,Success,UPI
2026-06-10 03:48:08,PAYTME100367,payer954@okaxis,3091.93,Success,Wallet
2026-06-10 04:28:20,PAYTME100343,payer178@okaxis,1889.42,Success,Wallet
2026-06-10 04:55:28,PAYTME100423,payer635@okaxis,1289.13,Success,UPI
2026-06-10 05:42:49,PAYTME100175,payer604@okaxis,1703.59,Success,Net Banking
2026-06-10 07:36:07,PAYTME100004,payer118@okaxis,3142.11,Success,UPI
2026-06-10 09:18:09,PAYTME100473,payer923@okaxis,2781.86,Success,Wallet
2026-06-10 11:48:59,PAYTME100091,payer767@okaxis,2400.87,Success,UPI
2026-06-10 13:17:46,PAYTME100128,payer817@okaxis,2781.04,Success,UPI
2026-06-10 16:02:00,PAYTME100420,payer352@okaxis,3493.77,Success,UPI
2026-06-10 16:31:10,PAYTME100286,payer737@okaxis,1232.07,Success,UPI
2026-06-10 17:17:41,PAYTME100469,payer223@okaxis,3047.57,Success,Wallet
2026-06-10 18:16:21,PAYTME100114,payer238@okaxis,1264.47,Success,Debit Card
2026-06-10 22:28:30,PAYTME100357,payer489@okaxis,2134.46,Success,Debit Card
2026-06-10 23:41:45,PAYTME100339,payer489@okaxis,2223.64,Success,UPI
2026-06-10 23:49:17,PAYTME100097,payer922@okaxis,1550.19,Success,Wallet
2026-06-11 01:03:25,PAYTME100415,payer389@okaxis,2982.8,Success,UPI
2026-06-11 01:20:26,PAYTME100123,payer482@okaxis,2318.42,Success,Wallet
2026-06-11 05:44:40,PAYTME100140,payer134@okaxis,1193.73,Success,Debit Card
2026-06-11 07:14:18,PAYTME100150,payer619@okaxis,3080.88,Success,UPI
2026-06-11 07:23:00,PAYTME100362,payer898@okaxis,1770.85,Success,UPI
2026-06-11 10:44:26,PAYTME100222,payer688@okaxis,3186.01,Success,UPI
2026-06-11 10:49:55,PAYTME100492,payer174@okaxis,1349.12,Success,UPI
2026-06-11 11:13:13,PAYTME100184,payer654@okaxis,2583.26,Success,Wallet
2026-06-11 14:27:18,PAYTME100022,payer754@okaxis,3222.9,Success,UPI
2026-06-11 14:48:36,PAYTME100186,payer452@okaxis,1925.76,Success,UPI
2026-06-11 18:09:04,PAYTME100333,payer499@okaxis,3070.77,Success,UPI
2026-06-11 19:24:17,PAYTME100444,payer355@okaxis,3232.95,Success,UPI
2026-06-11 19:31:19,PAYTME100165,payer216@okaxis,1964.63,Success,UPI
2026-06-11 21:19:35,PAYTME100421,payer744@okaxis,1439.72,Success,UPI
2026-06-12 00:52:37,PAYTME100338,payer652@okaxis,2891.24,Success,UPI
2026-06-12 01:09:30,PAYTME100132,payer337@okaxis,2747.65,Success,UPI
2026-06-12 01:30:37,PAYTME100211,payer449@okaxis,1535.94,Success,UPI
2026-06-12 04:51:11,PAYTME100051,payer240@okaxis,3257.33,Success,Net Banking
2026-06-12 05:49:31,PAYTME100003,payer741@okaxis,1130.09,Success,UPI
2026-06-12 06:31:16,PAYTME100427,payer338@okaxis,2024.25,Success,UPI
2026-06-12 06:37:11,PAYTME100038,payer764@okaxis,2703.91,Success,UPI
2026-06-12 07:00:28,PAYTME100139,payer179@okaxis,2199.71,Success,UPI
2026-06-12 07:10:12,PAYTME100082,payer531@okaxis,3129.95,Success,Credit Card
2026-06-12 08:53:23,PAYTME100484,payer182@okaxis,1516.38,Success,UPI
2026-06-12 09:50:13,PAYTME100124,payer404@okaxis,1452.57,Success,Wallet
2026-06-12 11:03:39,PAYTME100377,payer303@okaxis,1595.16,Success,Debit Card
2026-06-12 15:12:01,PAYTME100302,payer246@okaxis,2058.13,Success,UPI
2026-06-12 19:39:32,PAYTME100070,payer572@okaxis,2977.75,Success,UPI
2026-06-12 20:50:53,PAYTME100457,payer107@okaxis,3323.63,Success,UPI
2026-06-12 21:44:23,PAYTME100234,payer994@okaxis,2736.46,Success,Net Banking
2026-06-13 00:28:14,PAYTME100456,payer250@okaxis,2303.9,Success,UPI
2026-06-13 00:31:56,PAYTME100311,payer970@okaxis,2348.65,Success,UPI
2026-06-13 00:49:02,PAYTME100116,payer699@okaxis,3220.32,Success,Wallet
2026-06-13 01:11:09,PAYTME100089,payer377@okaxis,3224.21,Success,Wallet
2026-06-13 03:30:29,PAYTME100109,payer198@okaxis,1274.19,Success,UPI
2026-06-13 04:16:42,PAYTME100193,payer445@okaxis,1873.53,Success,Credit Card
2026-06-13 04:41:01,PAYTME100439,payer621@okaxis,1465.98,Success,Wallet
2026-06-13 05:56:54,PAYTME100010,payer580@okaxis,2126.96,Success,UPI
2026-06-13 07:28:32,PAYTME100478,payer548@okaxis,1453.37,Success,UPI
2026-06-13 09:53:44,PAYTME100361,payer563@okaxis,3266.07,Success,UPI
2026-06-13 11:19:16,PAYTME100370,payer442@okaxis,2971.01,Success,UPI
2026-06-13 12:36:19,PAYTME100299,payer978@okaxis,2808.77,Success,UPI
2026-06-13 13:44:44,PAYTME100261,payer630@okaxis,1512.42,Success,UPI
2026-06-13 14:11:58,PAYTME100121,payer332@okaxis,1837.67,Success,UPI
2026-06-13 18:27:25,PAYTME100044,payer212@okaxis,1970.04,Success,UPI
2026-06-13 18:45:14,PAYTME100209,payer423@okaxis,2191.32,Success,UPI
2026-06-13 19:46:21,PAYTME100127,payer362@okaxis,1103.74,Success,Credit Card
2026-06-13 19:50:45,PAYTME100238,payer650@okaxis,2589.92,Success,Wallet
2026-06-13 20:07:25,PAYTME100306,payer898@okaxis,1679.58,Success,Net Banking
2026-06-13 20:47:08,PAYTME100430,payer344@okaxis,2361.13,Success,UPI
2026-06-13 21:17:36,PAYTME100016,payer359@okaxis,1007.63,Success,UPI
2026-06-13 21:56:41,PAYTME100073,payer739@okaxis,1718.66,Success,UPI
2026-06-13 22:59:23,PAYTME100203,payer543@okaxis,2943.19,Success,UPI
2026-06-14 00:19:37,PAYTME100475,payer377@okaxis,3446.54,Success,UPI
2026-06-14 01:49:08,PAYTME100336,payer527@okaxis,2052.06,Success,Debit Card
2026-06-14 01:50:13,PAYTME100231,payer620@okaxis,1119.3,Success,UPI
2026-06-14 02:50:33,PAYTME100057,payer878@okaxis,1364.46,Success,UPI
2026-06-14 03:53:35,PAYTME100198,payer549@okaxis,2659.07,Success,UPI
2026-06-14 08:20:38,PAYTME100334,payer663@okaxis,2029.09,Success,UPI
2026-06-14 09:03:25,PAYTME100014,payer811@okaxis,1048.36,Success,UPI
2026-06-14 12:12:41,PAYTME100183,payer741@okaxis,1336.04,Success,UPI
2026-06-14 13:08:40,PAYTME100241,payer727@okaxis,1821.65,Success,UPI
2026-06-14 13:50:55,PAYTME100443,payer530@okaxis,1285.78,Success,UPI
2026-06-14 14:40:48,PAYTME100470,payer942@okaxis,1369.59,Success,UPI
2026-06-14 16:49:00,PAYTME100055,payer890@okaxis,2564.33,Success,UPI
2026-06-14 17:56:10,PAYTME100287,payer891@okaxis,1555.41,Success,Wallet
2026-06-14 19:07:15,PAYTME100251,payer476@okaxis,1881.81,Success,Credit Card
2026-06-14 19:38:36,PAYTME100225,payer384@okaxis,1888.09,Success,UPI
2026-06-14 19:39:09,PAYTME100149,payer680@okaxis,1697.61,Success,Wallet
2026-06-14 19:44:03,PAYTME100090,payer776@okaxis,2000.13,Success,Credit Card
2026-06-14 20:31:50,PAYTME100062,payer651@okaxis,2330.53,Success,UPI
2026-06-14 23:35:27,PAYTME100146,payer838@okaxis,1877.68,Success,UPI
2026-06-15 00:08:04,PAYTME100422,payer990@okaxis,1182.79,Success,UPI
2026-06-15 05:24:14,PAYTME100226,payer604@okaxis,1321.27,Success,UPI
2026-06-15 05:43:24,PAYTME100397,payer681@okaxis,3343.27,Success,UPI
2026-06-15 06:28:00,PAYTME100060,payer594@okaxis,1666.87,Success,UPI
2026-06-15 07:25:31,PAYTME100117,payer535@okaxis,1269.49,Success,UPI
2026-06-15 07:39:31,PAYTME100131,payer128@okaxis,2886.86,Success,Net Banking
2026-06-15 07:40:20,PAYTME100472,payer535@okaxis,2876.54,Success,UPI
2026-06-15 09:40:08,PAYTME100426,payer855@okaxis,2135.33,Success,UPI
2026-06-15 11:47:21,PAYTME100259,payer281@okaxis,2298.91,Success,UPI
2026-06-15 12:38:38,PAYTME100404,payer575@okaxis,2958.33,Success,UPI
2026-06-15 18:40:46,PAYTME100272,payer551@okaxis,3171.62,Success,UPI
2026-06-15 19:29:47,PAYTME100171,payer330@okaxis,1900.8,Success,UPI
2026-06-15 20:08:28,PAYTME100305,payer648@okaxis,1308.88,Success,UPI
2026-06-15 22:47:00,PAYTME100112,payer921@okaxis,2439.7,Success,UPI
2026-06-15 23:33:44,PAYTME100213,payer752@okaxis,3364.93,Success,Net Banking
2026-06-16 00:33:36,PAYTME100224,payer595@okaxis,3184.57,Success,Wallet
2026-06-16 01:00:33,PAYTME100110,payer526@okaxis,1681.91,Success,Wallet
2026-06-16 02:11:02,PAYTME100052,payer265@okaxis,3361.48,Success,UPI
2026-06-16 03:51:31,PAYTME100130,payer195@okaxis,1922.51,Success,Wallet
2026-06-16 03:59:56,PAYTME100026,payer711@okaxis,2262.4,Success,UPI
2026-06-16 04:02:03,PAYTME100189,payer565@okaxis,2966.81,Success,Wallet
2026-06-16 05:28:44,PAYTME100215,payer939@okaxis,2850.38,Success,Net Banking
2026-06-16 05:44:31,PAYTME100133,payer194@okaxis,2858.91,Success,Wallet
2026-06-16 06:38:46,PAYTME100023,payer566@okaxis,1459.32,Success,Wallet
2026-06-16 06:46:29,PAYTME100383,payer495@okaxis,2018.09,Success,Wallet
2026-06-16 07:33:36,PAYTME100331,payer521@okaxis,3187.43,Success,UPI
2026-06-16 08:15:57,PAYTME100200,payer461@okaxis,3330.96,Success,UPI
2026-06-16 10:18:11,PAYTME100197,payer694@okaxis,2670.73,Success,UPI
2026-06-16 10:25:49,PAYTME100187,payer340@okaxis,1668.2,Success,Wallet
2026-06-16 12:15:57,PAYTME100498,payer431@okaxis,3099.76,Success,UPI
2026-06-16 13:29:24,PAYTME100021,payer593@okaxis,3328.82,Success,UPI
2026-06-16 13:52:27,PAYTME100393,payer331@okaxis,1318.23,Success,UPI
2026-06-16 14:29:19,PAYTME100071,payer188@okaxis,2777.2,Success,UPI
2026-06-16 16:10:42,PAYTME100102,payer471@okaxis,2434.19,Success,Wallet
2026-06-16 16:13:38,PAYTME100035,payer309@okaxis,2924.34,Success,UPI
2026-06-16 20:46:40,PAYTME100181,payer646@okaxis,1211.08,Success,Debit Card
2026-06-16 21:38:02,PAYTME100158,payer581@okaxis,1625.65,Success,UPI
2026-06-16 22:06:49,PAYTME100447,payer716@okaxis,2886.42,Success,UPI
2026-06-16 22:35:24,PAYTME100011,payer184@okaxis,2230.8,Success,Wallet
2026-06-16 22:43:57,PAYTME100007,payer446@okaxis,2606.42,Success,Net Banking
2026-06-16 23:24:43,PAYTME100032,payer608@okaxis,1233.49,Success,Wallet
2026-06-17 01:08:54,PAYTME100387,payer137@okaxis,1768.72,Success,UPI
2026-06-17 01:33:26,PAYTME100303,payer301@okaxis,3342.17,Success,UPI
2026-06-17 02:33:12,PAYTME100368,payer469@okaxis,2592.95,Success,UPI
2026-06-17 04:43:28,PAYTME100488,payer793@okaxis,3047.51,Success,UPI
2026-06-17 04:56:35,PAYTME100235,payer840@okaxis,1698.46,Success,Credit Card
2026-06-17 05:45:25,PAYTME100316,payer958@okaxis,1573.35,Success,UPI
2026-06-17 06:27:04,PAYTME100283,payer966@okaxis,1301.03,Success,Credit Card
2026-06-17 07:18:46,PAYTME100180,payer432@okaxis,2088.43,Success,UPI
2026-06-17 07:59:17,PAYTME100170,payer794@okaxis,3124.7,Success,UPI
2026-06-17 09:13:00,PAYTME100468,payer780@okaxis,3235.18,Success,UPI
2026-06-17 09:15:50,PAYTME100201,payer440@okaxis,2223.53,Success,UPI
2026-06-17 11:15:42,PAYTME100416,payer812@okaxis,2384.85,Success,UPI
2026-06-17 11:30:08,PAYTME100167,payer830@okaxis,2667.02,Success,Net Banking
2026-06-17 11:50:41,PAYTME100172,payer514@okaxis,3278.44,Success,UPI
2026-06-17 14:46:02,PAYTME100431,payer414@okaxis,1043.74,Success,UPI
2026-06-17 15:31:59,PAYTME100229,payer613@okaxis,2626.56,Success,UPI
2026-06-17 16:14:19,PAYTME100017,payer636@okaxis,1482.41,Success,Net Banking
2026-06-17 16:35:19,PAYTME100054,payer651@okaxis,2425.51,Success,Wallet
2026-06-17 16:45:46,PAYTME100079,payer561@okaxis,2593.03,Success,UPI
2026-06-17 17:28:24,PAYTME100005,payer907@okaxis,2196.09,Success,UPI
2026-06-17 20:19:20,PAYTME100270,payer832@okaxis,1270.22,Success,Net Banking
2026-06-17 21:59:31,PAYTME100059,payer208@okaxis,2738.05,Success,UPI
2026-06-17 22:26:42,PAYTME100285,payer263@okaxis,1603.01,Success,Credit Card
2026-06-17 22:31:57,PAYTME100375,payer810@okaxis,1079.81,Success,Wallet
2026-06-17 22:37:10,PAYTME100253,payer126@okaxis,3138.04,Success,UPI
2026-06-17 22:57:14,PAYTME100419,payer442@okaxis,2891.73,Success,UPI
2026-06-17 23:39:12,PAYTME100369,payer365@okaxis,1588.26,Success,Net Banking
2026-06-18 01:29:44,PAYTME100161,payer932@okaxis,2143.2,Success,UPI
2026-06-18 01:40:51,PAYTME100429,payer621@okaxis,1348.59,Success,UPI
2026-06-18 03:08:23,PAYTME100115,payer427@okaxis,2700.3,Success,Wallet
2026-06-18 05:43:01,PAYTME100160,payer922@okaxis,3208.8,Success,UPI
2026-06-18 06:00:48,PAYTME100480,payer959@okaxis,3412.05,Success,Wallet
2026-06-18 07:08:23,PAYTME100030,payer995@okaxis,2763.97,Success,UPI
2026-06-18 07:10:25,PAYTME100374,payer885@okaxis,1829.37,Success,Credit Card
2026-06-18 07:11:53,PAYTME100081,payer783@okaxis,2156.51,Success,Net Banking
2026-06-18 07:55:11,PAYTME100100,payer762@okaxis,1484.06,Success,UPI
2026-06-18 09:09:24,PAYTME100086,payer283@okaxis,1251.45,Success,UPI
2026-06-18 09:31:13,PAYTME100490,payer197@okaxis,3130.36,Success,Wallet
2026-06-18 09:34:38,PAYTME100399,payer449@okaxis,3143.42,Success,UPI
2026-06-18 10:57:17,PAYTME100129,payer559@okaxis,2088.61,Success,UPI
2026-06-18 10:58:49,PAYTME100380,payer643@okaxis,2920.41,Success,Net Banking
2026-06-18 11:03:33,PAYTME100489,payer244@okaxis,2235.58,Success,UPI
2026-06-18 12:20:44,PAYTME100020,payer233@okaxis,1922.01,Success,UPI
2026-06-18 14:21:42,PAYTME100033,payer339@okaxis,2631.35,Success,UPI
2026-06-18 14:25:19,PAYTME100359,payer507@okaxis,2176.78,Success,UPI
2026-06-18 15:31:13,PAYTME100212,payer274@okaxis,2819.78,Success,Net Banking
2026-06-18 16:00:31,PAYTME100321,payer467@okaxis,3394.84,Success,UPI
2026-06-18 16:11:03,PAYTME100236,payer668@okaxis,1119.23,Success,UPI
2026-06-18 18:37:02,PAYTME100230,payer816@okaxis,1588.45,Success,Wallet
2026-06-18 18:52:17,PAYTME100280,payer697@okaxis,3052.34,Success,UPI
2026-06-18 19:14:40,PAYTME100477,payer332@okaxis,2866.18,Success,UPI
2026-06-18 19:17:49,PAYTME100111,payer806@okaxis,2477.7,Success,UPI
2026-06-18 20:46:05,PAYTME100345,payer941@okaxis,1323.26,Success,UPI
2026-06-18 21:31:42,PAYTME100378,payer114@okaxis,3229.07,Success,UPI
2026-06-19 00:01:46,PAYTME100494,payer436@okaxis,1716.31,Success,UPI
2026-06-19 01:51:57,PAYTME100192,payer552@okaxis,2431.57,Success,UPI
2026-06-19 01:53:53,PAYTME100319,payer115@okaxis,1261.99,Success,Wallet
2026-06-19 03:04:21,PAYTME100350,payer421@okaxis,3168.62,Success,Wallet
2026-06-19 03:11:14,PAYTME100249,payer227@okaxis,2549.52,Success,Net Banking
2026-06-19 03:41:25,PAYTME100292,payer532@okaxis,2649.83,Success,Credit Card
2026-06-19 04:24:18,PAYTME100499,payer400@okaxis,3471.47,Success,UPI
2026-06-19 04:24:34,PAYTME100273,payer210@okaxis,1131.77,Success,UPI
2026-06-19 05:05:28,PAYTME100087,payer609@okaxis,2105.2,Success,Wallet
2026-06-19 05:31:13,PAYTME100085,payer630@okaxis,1587.51,Success,UPI
2026-06-19 07:12:07,PAYTME100458,payer579@okaxis,3062.6,Success,Net Banking
2026-06-19 09:27:17,PAYTME100464,payer951@okaxis,2997.52,Success,UPI
2026-06-19 09:33:03,PAYTME100335,payer294@okaxis,2244.79,Success,UPI
2026-06-19 10:35:34,PAYTME100400,payer197@okaxis,2916.58,Success,Net Banking
2026-06-19 10:54:29,PAYTME100018,payer918@okaxis,1542.3,Success,Credit Card
2026-06-19 11:08:55,PAYTME100210,payer579@okaxis,3177.13,Success,UPI
2026-06-19 11:55:37,PAYTME100417,payer546@okaxis,3169.78,Success,UPI
2026-06-19 13:23:16,PAYTME100088,payer318@okaxis,1455.25,Success,Credit Card
2026-06-19 14:59:06,PAYTME100154,payer901@okaxis,1074.57,Success,UPI
2026-06-19 16:30:51,PAYTME100000,payer698@okaxis,1762.66,Success,Net Banking
2026-06-19 16:57:15,PAYTME100353,payer959@okaxis,2503.57,Success,Debit Card
2026-06-19 18:13:43,PAYTME100243,payer281@okaxis,3409.89,Success,Wallet
2026-06-19 18:27:53,PAYTME100141,payer916@okaxis,1015.69,Success,Wallet
2026-06-19 19:15:43,PAYTME100328,payer559@okaxis,1450.53,Success,UPI
2026-06-19 20:01:24,PAYTME100148,payer590@okaxis,2407.78,Success,Net Banking
2026-06-19 21:19:16,PAYTME100190,payer769@okaxis,3244.89,Success,UPI
2026-06-19 21:36:16,PAYTME100330,payer335@okaxis,1941.54,Success,Credit Card
2026-06-19 23:04:51,PAYTME100254,payer587@okaxis,2481.68,Success,UPI
2026-06-20 01:02:58,PAYTME100396,payer843@okaxis,1591.59,Success,UPI
2026-06-20 03:47:52,PAYTME100074,payer610@okaxis,1310.24,Success,Wallet
2026-06-20 04:13:13,PAYTME100497,payer833@okaxis,2965.52,Success,UPI
2026-06-20 04:16:43,PAYTME100103,payer862@okaxis,1627.91,Success,UPI
2026-06-20 06:55:28,PAYTME100487,payer801@okaxis,3175.26,Success,Credit Card
2026-06-20 07:02:23,PAYTME100182,payer591@okaxis,1448.19,Success,Debit Card
2026-06-20 07:36:13,PAYTME100099,payer734@okaxis,2042.69,Success,UPI
2026-06-20 08:57:09,PAYTME100437,payer170@okaxis,2122.31,Success,Wallet
2026-06-20 09:09:16,PAYTME100228,payer290@okaxis,3351.91,Success,UPI
2026-06-20 10:17:10,PAYTME100159,payer725@okaxis,2526.42,Success,UPI
2026-06-20 12:17:23,PAYTME100414,payer203@okaxis,2071.24,Success,UPI
2026-06-20 14:25:41,PAYTME100354,payer289@okaxis,2735.06,Success,UPI
2026-06-20 15:09:06,PAYTME100442,payer775@okaxis,1225.96,Success,UPI
2026-06-20 16:03:39,PAYTME100379,payer786@okaxis,1852.78,Success,UPI
2026-06-20 16:03:40,PAYTME100356,payer335@okaxis,1188.42,Success,Wallet
2026-06-20 18:46:17,PAYTME100040,payer623@okaxis,2515.08,Success,UPI
2026-06-20 19:14:34,PAYTME100076,payer298@okaxis,2170.8,Success,Debit Card
2026-06-20 20:01:20,PAYTME100451,payer466@okaxis,2008.88,Success,UPI
2026-06-20 20:04:15,PAYTME100247,payer466@okaxis,3398.29,Success,UPI
2026-06-20 21:29:57,PAYTME100293,payer247@okaxis,1753.76,Success,UPI
2026-06-20 22:22:38,PAYTME100002,payer598@okaxis,2662.67,Success,Wallet
2026-06-20 23:04:01,PAYTME100239,payer887@okaxis,1281.03,Success,UPI
2026-06-20 23:06:24,PAYTME100410,payer244@okaxis,1588.52,Success,Wallet
2026-06-21 00:13:10,PAYTME100019,payer132@okaxis,3083.67,Success,UPI
2026-06-21 01:04:41,PAYTME100347,payer762@okaxis,3083.35,Success,Wallet
2026-06-21 01:30:27,PAYTME100025,payer618@okaxis,2066.67,Success,Wallet
2026-06-21 01:36:12,PAYTME100269,payer743@okaxis,1858.46,Success,UPI
2026-06-21 01:47:13,PAYTME100318,payer900@okaxis,2656.34,Success,UPI
2026-06-21 02:00:18,PAYTME100217,payer276@okaxis,1526.93,Success,Wallet
2026-06-21 02:39:07,PAYTME100015,payer376@okaxis,2559.34,Success,UPI
2026-06-21 02:45:32,PAYTME100031,payer417@okaxis,2857.36,Success,Net Banking
2026-06-21 03:25:36,PAYTME100042,payer512@okaxis,3432.04,Success,Net Banking
2026-06-21 03:48:08,PAYTME100462,payer928@okaxis,2607.58,Success,UPI
2026-06-21 04:17:01,PAYTME100034,payer367@okaxis,1482.28,Success,Debit Card
2026-06-21 04:45:26,PAYTME100441,payer218@okaxis,2790.11,Success,UPI
2026-06-21 04:56:42,PAYTME100438,payer674@okaxis,2273.93,Success,UPI
2026-06-21 05:58:25,PAYTME100376,payer215@okaxis,2728.27,Success,Credit Card
2026-06-21 05:59:31,PAYTME100290,payer239@okaxis,1347.14,Success,UPI
2026-06-21 06:54:54,PAYTME100125,payer143@okaxis,1307.06,Success,Net Banking
2026-06-21 07:35:30,PAYTME100029,payer959@okaxis,2153.17,Success,UPI
2026-06-21 07:56:52,PAYTME100279,payer257@okaxis,2972.33,Success,UPI
2026-06-21 09:20:54,PAYTME100075,payer376@okaxis,2002.77,Success,UPI
2026-06-21 10:03:21,PAYTME100372,payer549@okaxis,1156.66,Success,Wallet
2026-06-21 10:09:17,PAYTME100242,payer333@okaxis,3243.53,Success,Wallet
2026-06-21 10:12:06,PAYTME100246,payer342@okaxis,2337.41,Success,UPI
2026-06-21 12:02:35,PAYTME100412,payer315@okaxis,3190.86,Success,UPI
2026-06-21 12:39:09,PAYTME100084,payer371@okaxis,2071.08,Success,Credit Card
2026-06-21 12:39:46,PAYTME100448,payer496@okaxis,1414.77,Success,Wallet
2026-06-21 12:49:29,PAYTME100363,payer510@okaxis,3409.57,Success,UPI
2026-06-21 13:14:47,PAYTME100486,payer282@okaxis,2368.34,Success,UPI
2026-06-21 13:26:09,PAYTME100495,payer171@okaxis,1111.05,Success,Credit Card
2026-06-21 14:16:55,PAYTME100137,payer636@okaxis,2840.28,Success,UPI
2026-06-21 14:45:57,PAYTME100433,payer574@okaxis,2101.19,Success,Wallet
2026-06-21 14:48:52,PAYTME100179,payer920@okaxis,2432.81,Success,Net Banking
2026-06-21 15:28:49,PAYTME100072,payer741@okaxis,2197.31,Failed,UPI
2026-06-21 16:27:52,PAYTME100277,payer821@okaxis,1257.82,Success,Credit Card
2026-06-21 16:59:57,PAYTME100315,payer287@okaxis,3001.04,Success,UPI
2026-06-21 17:39:12,PAYTME100474,payer779@okaxis,2564.57,Success,UPI
2026-06-21 18:41:36,PAYTME100166,payer609@okaxis,1929.35,Success,Credit Card
2026-06-21 18:57:27,PAYTME100309,payer985@okaxis,1080.06,Success,UPI
2026-06-21 19:36:08,PAYTME100063,payer487@okaxis,2579.53,Success,Wallet
2026-06-21 20:11:12,PAYTME100366,payer589@okaxis,1445.97,Success,UPI
2026-06-21 20:41:10,PAYTME100083,payer756@okaxis,1047.71,Success,UPI
2026-06-21 20:41:35,PAYTME100048,payer975@okaxis,1373.48,Success,UPI
2026-06-21 21:04:55,PAYTME100069,payer283@okaxis,3020.7,Success,UPI
2026-06-21 23:39:35,PAYTME100199,payer141@okaxis,3070.29,Success,UPI
2026-06-22 00:57:56,PAYTME100304,payer571@okaxis,1997.18,Success,UPI
2026-06-22 01:03:10,PAYTME100271,payer440@okaxis,1269.74,Success,UPI
2026-06-22 01:28:48,PAYTME100208,payer783@okaxis,3232.28,Success,UPI
2026-06-22 02:11:49,PAYTME100274,payer268@okaxis,1492.47,Success,UPI
2026-06-22 02:28:32,PAYTME100260,payer931@okaxis,2710.21,Success,UPI
2026-06-22 02:55:37,PAYTME100352,payer654@okaxis,2695.83,Success,UPI
2026-06-22 05:14:54,PAYTME100122,payer981@okaxis,2535.91,Success,Wallet
2026-06-22 05:16:32,PAYTME100248,payer207@okaxis,2733.45,Success,UPI
2026-06-22 05:26:53,PAYTME100327,payer532@okaxis,1902.2,Success,Credit Card
2026-06-22 05:43:52,PAYTME100479,payer398@okaxis,1430.56,Success,UPI
2026-06-22 06:51:30,PAYTME100101,payer878@okaxis,1987.84,Success,Net Banking
2026-06-22 07:24:23,PAYTME100432,payer759@okaxis,2883.32,Success,UPI
2026-06-22 10:37:16,PAYTME100119,payer568@okaxis,2572.74,Success,Wallet
2026-06-22 11:36:20,PAYTME100118,payer485@okaxis,1511.39,Success,UPI
2026-06-22 11:59:31,PAYTME100009,payer883@okaxis,1812.57,Success,UPI
2026-06-22 12:46:48,PAYTME100401,payer268@okaxis,3044.69,Success,Wallet
2026-06-22 13:04:00,PAYTME100264,payer796@okaxis,2321.6,Success,UPI
2026-06-22 13:15:45,PAYTME100314,payer766@okaxis,2561.25,Success,UPI
2026-06-22 13:22:32,PAYTME100027,payer923@okaxis,3104.05,Success,Wallet
2026-06-22 13:43:29,PAYTME100058,payer478@okaxis,2424.68,Success,UPI
2026-06-22 14:13:23,PAYTME100465,payer803@okaxis,3339.97,Success,Wallet
2026-06-22 14:58:42,PAYTME100068,payer526@okaxis,2037.51,Success,UPI
2026-06-22 16:24:01,PAYTME100308,payer708@okaxis,3344.98,Success,UPI
2026-06-22 17:07:49,PAYTME100485,payer969@okaxis,2166.2,Success,Wallet
2026-06-22 17:11:39,PAYTME100476,payer669@okaxis,1096.44,Success,UPI
2026-06-22 17:16:00,PAYTME100296,payer365@okaxis,1820.16,Success,UPI
2026-06-22 18:06:14,PAYTME100092,payer567@okaxis,1959.9,Success,UPI
2026-06-22 18:40:56,PAYTME100232,payer764@okaxis,2880.85,Success,Wallet
2026-06-22 18:41:52,PAYTME100218,payer875@okaxis,1070.87,Success,UPI
2026-06-22 18:57:28,PAYTME100045,payer865@okaxis,1089.61,Success,UPI
2026-06-22 19:50:16,PAYTME100012,payer627@okaxis,1904.84,Success,Wallet
2026-06-22 19:50:57,PAYTME100164,payer433@okaxis,1096.52,Failed,UPI
2026-06-22 21:51:35,PAYTME100428,payer553@okaxis,1997.89,Success,UPI
2026-06-22 21:57:15,PAYTME100482,payer948@okaxis,3324.4,Success,Credit Card
2026-06-22 23:15:49,PAYTME100360,payer101@okaxis,2877.03,Success,UPI
2026-06-23 00:39:22,PAYTME100214,payer734@okaxis,1752.51,Success,Wallet
2026-06-23 01:52:20,PAYTME100257,payer433@okaxis,2280.08,Success,UPI
2026-06-23 02:48:31,PAYTME100454,payer186@okaxis,2437.12,Success,UPI
2026-06-23 02:48:42,PAYTME100496,payer997@okaxis,1796.74,Success,Credit Card
2026-06-23 02:55:21,PAYTME100134,payer534@okaxis,1427.34,Success,UPI
2026-06-23 03:09:09,PAYTME100481,payer936@okaxis,3208.0,Success,UPI
2026-06-23 04:37:03,PAYTME100460,payer488@okaxis,2649.5,Success,Wallet
2026-06-23 04:40:28,PAYTME100307,payer460@okaxis,1744.59,Success,Credit Card
2026-06-23 04:55:56,PAYTME100407,payer761@okaxis,2340.35,Success,UPI
2026-06-23 05:08:18,PAYTME100281,payer288@okaxis,1316.6,Success,UPI
2026-06-23 05:13:49,PAYTME100282,payer106@okaxis,2626.0,Success,UPI
2026-06-23 06:51:52,PAYTME100406,payer991@okaxis,2551.58,Success,UPI
2026-06-23 06:56:00,PAYTME100207,payer233@okaxis,1283.36,Success,UPI
2026-06-23 07:00:41,PAYTME100329,payer761@okaxis,3202.76,Success,UPI
2026-06-23 08:08:40,PAYTME100337,payer940@okaxis,1040.71,Success,Wallet
2026-06-23 08:20:37,PAYTME100483,payer268@okaxis,2725.24,Success,UPI
2026-06-23 08:41:21,PAYTME100065,payer281@okaxis,3198.99,Success,UPI
2026-06-23 08:59:08,PAYTME100445,payer933@okaxis,2180.23,Success,UPI
2026-06-23 09:04:32,PAYTME100206,payer872@okaxis,2987.19,Success,Net Banking
2026-06-23 11:02:13,PAYTME100204,payer513@okaxis,2767.69,Success,Credit Card
2026-06-23 11:12:43,PAYTME100138,payer712@okaxis,2985.91,Success,UPI
2026-06-23 11:24:02,PAYTME100157,payer762@okaxis,2375.53,Success,Wallet
2026-06-23 12:04:19,PAYTME100326,payer646@okaxis,1668.82,Success,Wallet
2026-06-23 12:14:25,PAYTME100265,payer538@okaxis,1165.04,Success,Wallet
2026-06-23 13:19:40,PAYTME100300,payer668@okaxis,2292.47,Success,UPI
2026-06-23 13:22:21,PAYTME100403,payer215@okaxis,2509.64,Success,UPI
2026-06-23 13:41:23,PAYTME100291,payer490@okaxis,2062.61,Success,Credit Card
2026-06-23 15:24:17,PAYTME100136,payer915@okaxis,2627.46,Success,Wallet
2026-06-23 16:05:51,PAYTME100278,payer224@okaxis,2360.79,Success,UPI
2026-06-23 16:57:59,PAYTME100268,payer344@okaxis,2725.19,Success,UPI
2026-06-23 17:17:37,PAYTME100152,payer606@okaxis,2018.52,Success,Wallet
2026-06-23 18:02:00,PAYTME100493,payer553@okaxis,2703.61,Success,UPI
2026-06-23 18:13:29,PAYTME100395,payer169@okaxis,3228.17,Success,Wallet
2026-06-23 18:15:37,PAYTME100188,payer414@okaxis,2123.76,Success,UPI
2026-06-23 18:34:33,PAYTME100312,payer485@okaxis,2203.21,Success,UPI
2026-06-23 18:36:27,PAYTME100275,payer962@okaxis,3117.49,Success,UPI
2026-06-23 18:47:53,PAYTME100173,payer418@okaxis,3207.88,Success,Net Banking
2026-06-23 19:27:50,PAYTME100120,payer186@okaxis,1097.91,Success,UPI
2026-06-23 20:05:12,PAYTME100398,payer174@okaxis,1112.72,Success,UPI
2026-06-23 21:23:53,PAYTME100371,payer890@okaxis,1181.91,Success,UPI
2026-06-23 23:16:32,PAYTME100006,payer880@okaxis,1440.58,Success,Wallet
2026-06-23 23:19:02,PAYTME100001,payer169@okaxis,1442.92,Success,Wallet
2026-06-23 23:52:59,PAYTME100425,payer668@okaxis,1240.81,Success,UPI
2026-06-24 00:11:03,PAYTME100050,payer667@okaxis,2798.44,Success,Net Banking
2026-06-24 00:15:36,PAYTME100216,payer456@okaxis,2294.55,Success,Wallet
2026-06-24 01:03:49,PAYTME100385,payer744@okaxis,3277.54,Success,UPI
2026-06-24 01:12:34,PAYTME100256,payer303@okaxis,2646.76,Success,Wallet
2026-06-24 01:16:40,PAYTME100452,payer716@okaxis,1119.68,Success,UPI
2026-06-24 02:46:05,PAYTME100382,payer470@okaxis,1782.86,Success,UPI
2026-06-24 03:33:09,PAYTME100348,payer849@okaxis,1345.61,Success,UPI
2026-06-24 03:44:42,PAYTME100113,payer831@okaxis,3107.16,Success,UPI
2026-06-24 03:47:32,PAYTME100392,payer568@okaxis,2809.14,Success,Wallet
2026-06-24 06:26:43,PAYTME100036,payer870@okaxis,2253.85,Success,UPI
2026-06-24 06:27:50,PAYTME100349,payer888@okaxis,2745.28,Success,UPI
2026-06-24 06:34:50,PAYTME100459,payer234@okaxis,3219.21,Success,UPI
2026-06-24 06:39:52,PAYTME100147,payer388@okaxis,1128.34,Success,Credit Card
2026-06-24 07:36:26,PAYTME100049,payer578@okaxis,3480.57,Success,UPI
2026-06-24 07:46:20,PAYTME100355,payer115@okaxis,1408.83,Success,UPI
2026-06-24 08:41:19,PAYTME100244,payer275@okaxis,3227.82,Success,UPI
2026-06-24 09:10:06,PAYTME100174,payer915@okaxis,1183.67,Success,UPI
2026-06-24 09:45:18,PAYTME100066,payer527@okaxis,2106.98,Success,UPI
2026-06-24 10:13:32,PAYTME100168,payer869@okaxis,1026.02,Success,UPI
2026-06-24 11:18:55,PAYTME100178,payer617@okaxis,1943.4,Success,UPI
2026-06-24 11:38:00,PAYTME100067,payer987@okaxis,3194.0,Success,Wallet
2026-06-24 12:29:05,PAYTME100126,payer566@okaxis,2942.02,Success,UPI
2026-06-24 12:38:54,PAYTME100394,payer300@okaxis,2504.98,Success,UPI
2026-06-24 12:39:32,PAYTME100297,payer959@okaxis,2769.03,Success,Net Banking
2026-06-24 12:51:44,PAYTME100221,payer449@okaxis,2494.69,Success,UPI
2026-06-24 13:28:26,PAYTME100176,payer413@okaxis,1590.69,Success,UPI
2026-06-24 14:26:53,PAYTME100237,payer930@okaxis,2106.21,Success,UPI
2026-06-24 14:52:04,PAYTME100461,payer890@okaxis,3074.61,Success,UPI
2026-06-24 15:11:46,PAYTME100145,payer987@okaxis,2855.43,Success,UPI
2026-06-24 16:51:01,PAYTME100413,payer113@okaxis,1638.45,Success,UPI
2026-06-24 19:09:52,PAYTME100104,payer953@okaxis,2698.22,Success,UPI
2026-06-24 19:43:21,PAYTME100008,payer360@okaxis,1489.67,Success,Wallet
2026-06-24 23:42:06,PAYTME100466,payer176@okaxis,1451.69,Success,UPI
2026-06-25 00:16:33,PAYTME100450,payer263@okaxis,1783.64,Success,UPI
2026-06-25 00:34:14,PAYTME100317,payer163@okaxis,2147.7,Success,Wallet
2026-06-25 02:14:59,PAYTME100455,payer942@okaxis,3250.55,Success,Wallet
2026-06-25 04:21:03,PAYTME100037,payer267@okaxis,2609.32,Success,UPI
2026-06-25 06:16:31,PAYTME100252,payer289@okaxis,2391.77,Success,UPI
2026-06-25 06:57:48,PAYTME100202,payer192@okaxis,3110.37,Success,UPI
2026-06-25 07:09:31,PAYTME100364,payer243@okaxis,2624.67,Success,UPI
2026-06-25 07:19:22,PAYTME100467,payer236@okaxis,1567.76,Success,UPI
2026-06-25 07:20:53,PAYTME100245,payer530@okaxis,2387.68,Success,UPI
2026-06-25 07:41:48,PAYTME100223,payer939@okaxis,2144.37,Success,Wallet
2026-06-25 08:27:17,PAYTME100471,payer311@okaxis,1630.08,Success,Credit Card
2026-06-25 08:54:47,PAYTME100310,payer822@okaxis,1372.27,Success,UPI
2026-06-25 09:01:02,PAYTME100191,payer954@okaxis,2825.73,Success,Wallet
2026-06-25 09:05:51,PAYTME100153,payer725@okaxis,1767.91,Success,UPI
2026-06-25 09:32:17,PAYTME100095,payer337@okaxis,2458.59,Success,UPI
2026-06-25 09:50:59,PAYTME100196,payer452@okaxis,2945.3,Success,UPI
2026-06-25 10:10:34,PAYTME100384,payer987@okaxis,2970.13,Success,UPI
2026-06-25 10:46:41,PAYTME100135,payer476@okaxis,2249.85,Success,Wallet
2026-06-25 12:01:25,PAYTME100325,payer339@okaxis,1758.98,Success,UPI
2026-06-25 12:21:10,PAYTME100039,payer815@okaxis,2724.97,Success,UPI
2026-06-25 12:23:40,PAYTME100227,payer841@okaxis,1668.8,Success,UPI
2026-06-25 12:47:43,PAYTME100276,payer727@okaxis,1689.03,Success,Wallet
2026-06-25 12:49:06,PAYTME100106,payer770@okaxis,2970.4,Success,UPI
2026-06-25 12:56:18,PAYTME100373,payer502@okaxis,1627.18,Success,UPI
2026-06-25 14:01:40,PAYTME100219,payer443@okaxis,1512.73,Success,UPI
2026-06-25 14:03:02,PAYTME100143,payer277@okaxis,2185.25,Success,UPI
2026-06-25 14:16:58,PAYTME100418,payer360@okaxis,2476.68,Success,UPI
2026-06-25 14:43:06,PAYTME100098,payer502@okaxis,1994.14,Success,UPI
2026-06-25 15:15:46,PAYTME100041,payer981@okaxis,2423.42,Success,UPI
2026-06-25 15:21:49,PAYTME100077,payer539@okaxis,1411.53,Success,UPI
2026-06-25 15:22:51,PAYTME100365,payer823@okaxis,1080.54,Success,UPI
2026-06-25 15:29:13,PAYTME100390,payer624@okaxis,3227.35,Success,UPI
2026-06-25 15:31:13,PAYTME100453,payer130@okaxis,1966.52,Success,UPI
2026-06-25 15:55:42,PAYTME100391,payer366@okaxis,1010.57,Success,Credit Card
2026-06-25 16:23:26,PAYTME100142,payer835@okaxis,3077.82,Success,Wallet
2026-06-25 17:30:54,PAYTME100289,payer913@okaxis,2703.79,Success,Wallet
2026-06-25 17:56:36,PAYTME100424,payer178@okaxis,3047.31,Success,UPI
